spindle_no,time,1.0_dist,2.0_dist,3.0_dist,4.0_dist,5.0_dist,6.0_dist,membership
0,0.2667,0.5835,0.5060,0.6539,0.5220,0.4381,0.3883,6
1,0.4002,0.5946,0.4950,0.6429,0.5330,0.4491,0.3993,6
2,0.5049,0.6461,0.5977,0.3569,0.5846,0.5006,0.3566,6
3,0.5554,0.6874,0.5565,0.3156,0.6259,0.5419,0.3979,3
4,0.5698,0.5318,0.5577,0.7056,0.4906,0.3864,0.3698,6
5,1.0352,0.5352,0.3083,0.5270,0.4737,0.3898,0.3660,2
6,1.1611,1.0045,0.8379,0.3459,0.9430,0.8591,0.7150,3
7,1.2966,0.5434,0.6139,0.7618,0.5468,0.3326,0.4259,5
8,1.3000,0.1591,0.2214,0.6048,0.3337,0.1861,0.2690,1
9,1.3452,1.0847,0.8578,0.4106,1.0232,0.9393,0.7952,3
10,1.4064,0.5336,0.6040,0.7519,0.5369,0.3401,0.4161,5
11,1.5792,0.6703,0.5287,0.4522,0.6088,0.5249,0.3808,6
12,1.5802,0.6258,0.3425,0.2831,0.4315,0.4922,0.2949,3
13,1.5830,0.6383,0.3935,0.3687,0.5589,0.5047,0.3309,6
14,1.5873,0.5545,0.5350,0.6830,0.4930,0.4091,0.3593,6
15,3.0689,0.7853,0.5405,0.1419,0.7060,0.6517,0.4780,3
16,3.1604,1.2388,0.9554,0.5720,0.8431,1.1052,0.9078,3
17,3.1612,1.3482,1.0649,0.7330,0.9525,1.2146,1.0172,3
18,3.5987,0.9481,0.6648,1.0523,0.6274,0.8416,0.8425,4
19,3.6095,0.4173,0.3312,0.3513,0.3557,0.2718,0.1278,6
20,3.6154,1.0611,0.8341,0.3870,0.9996,0.9157,0.7716,3
21,3.6659,0.6252,0.3983,0.6170,0.5637,0.4798,0.4560,2
22,3.6713,0.5642,0.5254,0.6733,0.5027,0.4187,0.3690,6
23,3.8056,1.1767,0.8934,0.6636,0.7810,1.0431,0.8458,3
24,3.8219,1.8941,1.6108,1.2273,1.4984,1.7605,1.5632,3
25,3.8590,0.3645,0.1784,0.6068,0.5234,0.3915,0.4457,2
26,3.8627,0.7354,0.5085,0.3125,0.6739,0.5900,0.4459,3
27,3.8728,0.7544,0.5274,0.7202,0.6929,0.6089,0.5592,2
28,3.8731,0.7555,0.5285,0.1654,0.6940,0.6101,0.4660,3
29,3.8767,0.6532,0.5234,0.1154,0.5916,0.5077,0.3637,3
30,3.8891,0.4958,0.2125,0.6789,0.3358,0.4682,0.4691,2
31,3.9018,0.6289,0.4019,0.8046,0.7212,0.5893,0.6436,2
32,3.9228,1.0821,0.7988,0.6071,0.6864,0.9485,0.7512,3
33,3.9396,0.4037,0.3318,0.4798,0.3422,0.2583,0.2085,6
34,3.9537,0.6563,0.5427,0.4662,0.5948,0.5108,0.3668,6
35,3.9586,0.4336,0.3149,0.3349,0.3721,0.2882,0.1441,6
36,3.9594,0.6628,0.3795,0.6360,0.4640,0.5293,0.4262,2
37,3.9875,0.6188,0.6250,0.3842,0.5579,0.4734,0.3428,6
38,3.9999,0.5656,0.3387,0.7414,0.6579,0.5261,0.5803,2
39,4.0311,0.6298,0.3465,0.6203,0.4355,0.4962,0.4104,2
40,4.0419,0.8517,0.6069,0.2083,0.7724,0.7181,0.5444,3
41,4.1383,0.9923,0.7653,0.4605,0.9307,0.8468,0.7027,3
42,4.1437,0.3363,0.3088,0.6667,0.4286,0.2968,0.3510,5
43,4.1524,0.3633,0.4058,0.7893,0.6941,0.5623,0.6165,1
44,4.1580,0.2965,0.3669,0.7247,0.4536,0.2387,0.3889,5
45,4.1686,0.3279,0.3983,0.7562,0.4851,0.2230,0.4203,5
46,4.1763,0.4174,0.2278,0.5931,0.5097,0.3779,0.4321,2
47,4.1795,0.5731,0.6436,0.7915,0.5765,0.3623,0.4556,5
48,4.1883,0.3718,0.2734,0.6312,0.4641,0.3322,0.3865,2
49,4.2005,0.6585,0.5724,0.4595,0.5970,0.5130,0.3690,6
50,4.2054,0.3422,0.4269,0.8103,0.6731,0.5412,0.5955,1
51,4.2153,0.6383,0.6055,0.3647,0.5768,0.4929,0.3488,6
52,4.2494,0.4322,0.3163,0.3363,0.3707,0.2867,0.1427,6
53,4.2714,0.3658,0.3995,0.3982,0.3324,0.2203,0.1173,6
54,4.2731,0.8246,0.5976,0.4017,0.7631,0.6791,0.5351,3
55,4.3252,0.7226,0.5428,0.3188,0.3269,0.5890,0.3917,3
56,4.5448,0.5394,0.6098,0.7577,0.5427,0.3343,0.4218,5
57,4.6112,0.5886,0.3616,0.7643,0.6809,0.5490,0.6033,2
58,4.7292,0.4908,0.2639,0.4827,0.4293,0.3454,0.3216,2
59,4.7344,0.4663,0.2822,0.3042,0.4048,0.3209,0.1768,6
60,4.8192,0.3876,0.3608,0.3809,0.3261,0.2422,0.0981,6
61,4.8204,0.6737,0.7441,0.6311,0.6770,0.4628,0.4619,6
62,5.0540,0.5986,0.4125,0.8409,0.7574,0.6256,0.6798,2
63,5.0725,0.2920,0.1297,0.5580,0.4746,0.3427,0.3970,2
64,5.1606,0.4506,0.2058,0.5548,0.4463,0.3441,0.3686,2
65,5.1627,0.9233,0.6400,0.7686,0.5276,0.7897,0.5924,4
66,5.1639,0.3543,0.2237,0.4526,0.1600,0.2207,0.1349,6
67,5.1676,0.6543,0.5766,0.4636,0.5928,0.5089,0.3648,6
68,5.1802,0.3497,0.2955,0.6533,0.4420,0.3101,0.3644,2
69,5.1855,0.5966,0.6670,0.5905,0.5999,0.3866,0.3848,6
70,5.1947,0.5952,0.6656,0.8135,0.5985,0.3843,0.4776,5
71,5.1949,0.6005,0.6710,0.4302,0.6039,0.4274,0.3888,6
72,5.2140,0.5677,0.6203,0.1768,0.5532,0.3815,0.3381,3
73,5.2605,0.6952,0.4683,0.6611,0.6337,0.5498,0.5000,2
74,5.3495,0.4688,0.2449,0.7045,0.2796,0.4938,0.4947,2
75,5.3504,0.7563,0.7106,0.9932,0.3805,0.6227,0.6085,4
76,5.3512,1.3609,1.0776,1.3943,0.9694,1.2273,1.1845,4
77,5.3706,0.3714,0.4418,0.7996,0.5285,0.2664,0.4638,5
78,5.3715,0.4371,0.3245,0.2549,0.3577,0.3035,0.1297,6
79,5.3724,0.3661,0.6494,1.0329,0.7618,0.4997,0.6970,1
80,5.3739,0.6212,0.6916,0.8395,0.6245,0.4103,0.5037,5
81,5.3775,0.4791,0.1957,0.4695,0.2848,0.3455,0.2597,2
82,5.3956,0.2782,0.5393,0.9228,0.6517,0.4772,0.5869,1
83,5.4016,0.2894,0.3598,0.7176,0.4465,0.2458,0.3818,5
84,5.4168,0.1564,0.2240,0.6075,0.3364,0.1834,0.2716,1
85,5.4175,0.6486,0.7191,0.8670,0.6519,0.4378,0.5311,5
86,5.4177,0.5778,0.6371,0.3102,0.5700,0.4324,0.3549,3
87,5.4223,0.2604,0.5087,0.8922,0.6211,0.4594,0.5563,1
88,5.4262,0.4693,0.2923,0.2227,0.3899,0.3357,0.1619,6
89,5.4319,0.3445,0.4149,0.5628,0.3478,0.1752,0.2270,5
90,5.4561,0.5575,0.6279,0.7758,0.5608,0.3466,0.4399,5
91,5.4570,0.6561,0.7265,0.6135,0.6594,0.4452,0.4443,6
92,5.4666,0.5380,0.5516,0.6995,0.4844,0.3926,0.3636,6
93,5.5137,0.5580,0.6284,0.7763,0.5613,0.3471,0.4404,5
94,5.7454,0.6279,0.6983,0.8462,0.6312,0.4170,0.5103,5
95,5.7576,0.5842,0.6547,0.8026,0.5876,0.3734,0.4667,5
96,5.7584,0.5883,0.6588,0.8067,0.5916,0.3775,0.4708,5
97,5.8048,0.6046,0.6751,0.4342,0.6080,0.4233,0.3928,6
98,5.8240,0.5902,0.6606,0.5841,0.5935,0.3930,0.3784,6
99,5.8576,0.6145,0.6849,0.4441,0.6178,0.4135,0.4027,6
100,5.8753,0.3213,0.3918,0.7496,0.4785,0.2164,0.4137,5
101,5.8766,0.3494,0.3353,0.7636,0.6802,0.5484,0.6026,2
102,5.9521,0.6032,0.6277,0.5148,0.5606,0.4577,0.3455,6
103,6.0171,0.5266,0.5970,0.7449,0.5299,0.3471,0.4091,5
104,6.0194,0.5744,0.6022,0.1941,0.5350,0.4290,0.3199,3
105,6.0355,0.5661,0.6366,0.7845,0.5694,0.3553,0.4486,5
106,6.0730,0.6675,0.5634,0.4505,0.6060,0.5220,0.3780,6
107,6.0749,1.2179,0.9346,0.8672,0.8222,1.0843,0.8869,4
108,6.0809,0.5081,0.2633,0.2385,0.4287,0.3745,0.2007,6
109,6.0878,1.8496,1.5663,1.1828,1.4539,1.7160,1.5186,3
110,6.0923,0.9214,0.9211,0.4291,0.8599,0.7759,0.6389,3
111,6.1079,1.2367,0.9534,0.6539,0.8410,1.1031,0.9058,3
112,6.1367,0.2014,0.1662,0.4859,0.2218,0.1151,0.1442,5
113,6.2210,0.3446,0.3006,0.6584,0.4369,0.3051,0.3593,2
114,6.2242,0.3872,0.2249,0.6533,0.5698,0.4380,0.4922,2
115,6.2252,0.6436,0.7141,0.6376,0.6469,0.4328,0.4318,6
116,6.2260,0.1287,0.2577,0.7049,0.2937,0.2149,0.3203,1
117,6.2270,0.3006,0.3711,0.7289,0.4578,0.2346,0.3930,5
118,6.2462,0.8371,0.5538,0.9716,0.5467,0.7609,0.7618,4
119,6.2474,0.5250,0.2417,0.5935,0.1685,0.3914,0.3836,4
120,6.2482,0.1998,0.1645,0.6117,0.2765,0.2939,0.2948,2
121,6.2621,0.4092,0.1258,0.5922,0.2492,0.3815,0.3824,2
122,6.2640,0.9521,1.0225,0.5305,0.9554,0.7823,0.7403,3
123,6.2691,0.6546,0.7250,0.6485,0.6579,0.4437,0.4428,6
124,6.2699,0.5717,0.6048,0.1968,0.5377,0.4263,0.3226,3
125,6.2704,0.3318,0.3824,0.5563,0.3152,0.1863,0.2204,5
126,6.2722,0.3738,0.3403,0.5142,0.3123,0.2284,0.2046,6
127,6.2735,0.1333,0.2684,0.6519,0.3808,0.1674,0.3160,1
128,6.2752,0.3734,0.3657,0.6726,0.0600,0.2399,0.2879,4
129,6.2777,0.3977,0.3165,0.4904,0.3361,0.2522,0.2284,6
130,6.2805,0.5404,0.5491,0.6971,0.4820,0.3950,0.3612,6
131,6.2860,0.5402,0.6106,0.7585,0.5435,0.3335,0.4227,5
132,6.2947,0.5818,0.6491,0.5361,0.5820,0.4364,0.3669,6
133,6.2949,0.5929,0.6633,0.8113,0.5962,0.3820,0.4754,5
134,6.2971,0.6581,0.7286,0.8765,0.6615,0.4473,0.5406,5
135,6.3084,0.3418,0.6251,1.0085,0.7374,0.4753,0.6727,1
136,6.3094,0.1434,0.2416,0.6251,0.3540,0.1942,0.2892,1
137,6.3102,0.7800,0.4966,0.9145,0.4896,0.7037,0.7047,4
138,6.3115,0.5758,0.6462,0.7942,0.5791,0.3649,0.4583,5
139,6.3123,0.6501,0.7205,0.6440,0.6534,0.4392,0.4383,6
140,6.3127,0.5991,0.6695,0.5566,0.6024,0.4159,0.3873,6
141,6.3147,0.3237,0.3941,0.7519,0.4808,0.2187,0.4161,5
142,6.3268,1.3928,1.1095,1.2973,0.9972,1.2593,1.0874,4
143,6.3279,0.3267,0.3184,0.6763,0.4190,0.2872,0.3414,5
144,6.3436,0.6647,0.5791,0.3383,0.6032,0.5192,0.3752,3
145,6.3454,0.6289,0.3456,0.7634,0.3385,0.5527,0.5536,4
146,6.3472,0.5336,0.3739,0.7469,0.2432,0.4574,0.4583,4
147,6.3484,0.3649,0.4354,0.4340,0.3683,0.1845,0.1532,6
148,6.3511,0.5496,0.3226,0.5414,0.4880,0.4041,0.3804,2
149,6.3709,0.6381,0.5950,0.2453,0.5766,0.4927,0.3486,3
150,6.3811,0.6093,0.6798,0.6033,0.6127,0.3985,0.3976,6
151,6.3823,0.3472,0.3669,0.5409,0.2998,0.2017,0.2050,5
152,6.3875,0.3047,0.3188,0.5477,0.1753,0.1256,0.1631,5
153,6.3961,0.5874,0.6578,0.8057,0.5907,0.3765,0.4699,5
154,6.4094,0.7782,0.5512,0.2464,0.7167,0.6328,0.4887,3
155,6.4337,0.6072,0.6776,0.8255,0.6105,0.3963,0.4897,5
156,6.4351,0.3311,0.6145,0.9979,0.7268,0.4647,0.6621,1
157,6.4702,0.6601,0.5389,0.4624,0.5986,0.5147,0.3706,6
158,6.4807,0.5678,0.2845,0.7509,0.4078,0.5401,0.5411,2
159,6.4909,0.1362,0.2713,0.6548,0.3837,0.1645,0.3189,1
160,6.5189,0.2442,0.5275,0.9109,0.6398,0.4406,0.5751,1
161,6.5440,0.5558,0.6262,0.7741,0.5591,0.3449,0.4383,5
162,6.5813,0.5177,0.3554,0.7837,0.7003,0.5685,0.6227,2
163,6.6034,0.5910,0.6615,0.3118,0.5944,0.4262,0.3792,3
164,6.6204,0.2254,0.1596,0.5431,0.4080,0.2762,0.3304,2
165,6.6238,0.3404,0.4109,0.7687,0.4976,0.2355,0.4328,5
166,6.6397,0.5715,0.6275,0.5510,0.5604,0.4261,0.3453,6
167,6.6966,0.3782,0.2670,0.6248,0.4705,0.3387,0.3929,2
168,6.6989,0.4337,0.2115,0.6094,0.5260,0.3941,0.4484,2
169,6.6997,0.2764,0.2905,0.7120,0.1812,0.1868,0.3273,4
170,6.7181,0.4321,0.1488,0.6152,0.2721,0.4044,0.4054,2
171,6.7200,0.4575,0.3468,0.4690,0.1436,0.3239,0.1314,6
172,6.7211,0.6436,0.7141,0.6376,0.6469,0.4328,0.4318,6
173,6.7348,0.3303,0.4008,0.7586,0.4875,0.2254,0.4227,5
174,6.7560,0.1983,0.1693,0.4890,0.2187,0.1120,0.1411,5
175,6.7729,0.3005,0.3446,0.7025,0.4313,0.2610,0.3666,5
176,6.7795,0.6833,0.4933,0.0931,0.6218,0.5378,0.3938,3
177,6.8103,0.3145,0.3849,0.7427,0.4716,0.2207,0.4069,5
178,6.8265,0.6648,0.5342,0.4577,0.6033,0.5194,0.3753,6
179,6.8400,0.4100,0.2352,0.5930,0.5023,0.3705,0.4247,2
180,6.8421,0.3337,0.4042,0.7620,0.4909,0.2288,0.4262,5
181,6.8604,0.3167,0.3284,0.6863,0.4151,0.2772,0.3504,5
182,6.8697,0.6438,0.7142,0.6013,0.6471,0.4329,0.4320,6
183,6.8699,0.6970,0.5469,0.3060,0.6354,0.5515,0.4075,3
184,6.9022,0.4231,0.3124,0.4603,0.3616,0.2777,0.2279,6
185,6.9049,0.7281,0.5012,0.4695,0.6666,0.5827,0.4386,6
186,6.9235,0.5226,0.2393,0.5910,0.1661,0.3890,0.3812,4
187,6.9247,0.6304,0.6005,0.4876,0.5688,0.4849,0.3409,6
188,7.0229,0.8775,0.6505,0.4545,0.8160,0.7320,0.5880,3
189,7.0481,0.2557,0.5390,0.9225,0.6513,0.4291,0.5866,1
190,7.0490,0.6317,0.4579,0.6058,0.5702,0.4862,0.4365,6
191,7.0497,0.6296,0.6013,0.4883,0.5681,0.4842,0.3401,6
192,7.0986,0.5807,0.6183,0.5418,0.5512,0.4353,0.3361,6
193,7.0988,0.3602,0.3831,0.3272,0.3160,0.2266,0.1008,6
194,7.0991,0.2711,0.4980,0.8815,0.6104,0.4701,0.5456,1
195,7.1030,0.3356,0.4060,0.7639,0.4927,0.2306,0.4280,5
196,7.1142,0.6707,0.7411,0.6281,0.6740,0.4598,0.4589,6
197,7.1212,0.2602,0.1276,0.4318,0.2558,0.1537,0.1782,2
198,7.1238,0.4209,0.1790,0.3940,0.2220,0.2873,0.1842,2
199,7.1250,0.3860,0.3532,0.6601,0.0474,0.2524,0.2754,4
200,7.1374,0.5914,0.6524,0.4116,0.5853,0.4460,0.3702,6
201,7.1449,0.5763,0.6467,0.7947,0.5796,0.3654,0.4588,5
202,7.1453,0.6317,0.7021,0.6256,0.6350,0.4208,0.4199,6
203,7.1478,0.2233,0.2759,0.5801,0.2838,0.0514,0.2191,5
204,7.1570,0.3645,0.4349,0.6088,0.3678,0.1536,0.2730,5
205,7.1572,0.6266,0.6172,0.3764,0.5651,0.4812,0.3371,6
206,7.1703,0.8090,0.5257,0.3934,0.4952,0.6754,0.4781,3
207,7.1933,0.6048,0.6753,0.8232,0.6082,0.3940,0.4873,5
208,7.2103,0.5932,0.6637,0.8116,0.5966,0.3824,0.4757,5
209,7.2178,0.6254,0.6958,0.6193,0.6287,0.4145,0.4136,6
210,7.2214,0.5722,0.6427,0.5662,0.5755,0.4109,0.3604,6
211,7.2217,0.4276,0.3209,0.3409,0.3661,0.2822,0.1381,6
212,7.2221,0.5956,0.6482,0.4074,0.5811,0.4502,0.3660,6
213,7.2254,0.6345,0.5805,0.2536,0.5730,0.4890,0.3450,3
214,7.2271,0.2890,0.2159,0.6374,0.1290,0.2614,0.2623,4
215,7.2317,0.6544,0.7249,0.4840,0.6578,0.4436,0.4426,6
216,7.2381,0.7442,0.5172,0.2352,0.6827,0.5987,0.4547,3
217,7.2426,0.5513,0.6217,0.7696,0.5546,0.3404,0.4338,5
218,7.2431,0.4661,0.2392,0.6418,0.5584,0.4266,0.4808,2
219,7.2433,0.6563,0.7268,0.6138,0.6596,0.4455,0.4445,6
220,7.2438,0.2010,0.4843,0.8678,0.5966,0.3346,0.5319,1
221,7.2541,0.3503,0.4149,0.4136,0.3478,0.2049,0.1327,6
222,7.2635,0.5691,0.6396,0.7875,0.5725,0.3583,0.4516,5
223,7.3351,0.3645,0.4008,0.3994,0.3337,0.2191,0.1185,6
224,7.4208,0.6063,0.6375,0.3967,0.5704,0.4608,0.3553,6
225,7.4240,0.6306,0.7010,0.8490,0.6339,0.4198,0.5131,5
226,7.4472,0.2999,0.3703,0.7282,0.4570,0.2353,0.3923,5
227,7.4650,0.0470,0.3171,0.7211,0.4294,0.2555,0.3647,1
228,7.4659,0.3731,0.3944,0.8415,0.3698,0.5840,0.5849,4
229,7.4686,0.1171,0.2446,0.6486,0.4347,0.3280,0.3571,1
230,7.4745,0.6279,0.6983,0.8462,0.6312,0.4170,0.5103,5
231,7.4777,0.6381,0.7086,0.6321,0.6414,0.4273,0.4263,6
232,7.5299,0.6937,0.7641,0.6876,0.6970,0.4828,0.4819,6
233,7.5644,0.6334,0.7039,0.8518,0.6368,0.4226,0.5159,5
234,7.5856,0.1708,0.2998,0.7470,0.3358,0.2183,0.3624,1
235,7.5887,0.1838,0.2364,0.5406,0.2443,0.0449,0.1795,5
236,7.5908,0.6497,0.9330,1.3165,1.0454,0.7833,0.9806,1
237,7.5938,0.5828,0.6532,0.3035,0.5861,0.4345,0.3710,3
238,7.5961,0.6246,0.6950,0.8430,0.6279,0.4137,0.5071,5
239,7.6057,0.3177,0.1316,0.5600,0.4766,0.3447,0.3990,2
240,7.6064,0.6881,0.5450,0.1953,0.6266,0.5427,0.3986,3
241,7.6069,0.3436,0.4140,0.7719,0.5007,0.2387,0.4360,5
242,7.6108,0.3052,0.3757,0.7335,0.4624,0.2300,0.3976,5
243,7.6587,0.3459,0.4164,0.7742,0.5031,0.2410,0.4383,5
244,7.6641,0.6611,0.7315,0.6550,0.6644,0.4502,0.4493,6
245,7.6875,0.3734,0.4438,0.8016,0.5305,0.2684,0.4658,5
246,7.7308,0.5908,0.6401,0.5271,0.5730,0.4454,0.3579,6
247,7.7434,0.6785,0.7489,0.8968,0.6818,0.4676,0.5610,5
248,7.7585,0.2845,0.5330,0.9164,0.6453,0.4835,0.5806,1
249,7.7655,0.1903,0.3927,0.7762,0.5211,0.3893,0.4435,1
250,7.7663,1.0484,0.7651,0.3816,0.8541,0.9148,0.7174,3
251,7.7834,0.6530,0.7234,0.8713,0.6563,0.4421,0.5354,5
252,7.7870,0.1473,0.2377,0.6212,0.3501,0.1981,0.2853,1
253,7.7881,0.6639,0.5365,1.0285,0.6036,0.8178,0.8187,2
254,7.7889,0.3076,0.2923,0.5039,0.1442,0.1740,0.1193,6
255,7.7931,0.3902,0.3239,0.4978,0.3287,0.2448,0.2210,6
256,7.7944,0.4322,0.3033,0.4512,0.3707,0.2868,0.2370,6
257,7.7949,0.6326,0.7031,0.5901,0.6359,0.4218,0.4208,6
258,7.8027,0.6181,0.5087,1.0008,0.5759,0.7900,0.7910,2
259,7.8340,0.6103,0.6808,0.6043,0.6137,0.3995,0.3986,6
260,7.8423,0.5725,0.6429,0.7908,0.5758,0.3616,0.4550,5
261,7.8437,0.3292,0.3996,0.7574,0.4863,0.2242,0.4216,5
262,7.8454,0.2643,0.2757,0.7229,0.3428,0.4752,0.4761,1
263,7.8459,0.2994,0.1122,0.6042,0.3761,0.3935,0.3944,2
264,7.8463,0.6097,0.6801,0.8280,0.6130,0.3988,0.4922,5
265,7.8466,0.1659,0.2772,0.6607,0.3896,0.1302,0.3249,5
266,7.8471,0.1757,0.2870,0.6705,0.3994,0.1373,0.3346,5
267,7.8477,0.5855,0.3585,0.7612,0.6778,0.5460,0.6002,2
268,7.8521,0.6133,0.6837,0.4429,0.6166,0.4146,0.4015,6
269,7.8532,0.6049,0.6754,0.5989,0.6082,0.3941,0.3931,6
270,7.8569,0.6674,0.7378,0.8857,0.6707,0.4565,0.5499,5
271,7.8579,0.6588,0.7293,0.6163,0.6621,0.4480,0.4470,6
272,7.8589,0.5710,0.6415,0.7894,0.5744,0.3602,0.4535,5
273,7.8647,0.1737,0.1861,0.6332,0.2738,0.2866,0.2875,1
274,7.8658,0.3180,0.3884,0.7463,0.4751,0.2172,0.4104,5
275,7.8766,0.0690,0.2708,0.6794,0.3831,0.2798,0.3184,1
276,7.8774,0.1334,0.2516,0.6351,0.3640,0.1842,0.2993,1
277,7.8969,0.3383,0.2397,0.4687,0.1440,0.2047,0.1189,6
278,7.8998,0.6353,0.7058,0.4649,0.6387,0.4245,0.4235,6
279,7.9000,0.4364,0.2777,0.4516,0.3749,0.2910,0.2672,6
280,7.9010,0.3394,0.4099,0.7677,0.4966,0.2345,0.4318,5
281,7.9028,0.4879,0.4196,0.7926,0.1975,0.4117,0.4126,4
282,7.9040,0.3922,0.1858,0.4147,0.1979,0.2586,0.1729,6
283,7.9050,0.3397,0.4101,0.5580,0.3430,0.1800,0.2221,5
284,7.9082,0.6943,0.7648,0.6883,0.6977,0.4835,0.4826,6
285,7.9629,0.7508,0.5239,0.2418,0.6893,0.6054,0.4613,3
286,7.9632,0.5248,0.2415,0.5932,0.1683,0.3912,0.3834,4
287,7.9690,0.5228,0.5933,0.7412,0.5262,0.3508,0.4053,5
288,7.9701,0.3665,0.1218,0.4708,0.3622,0.2600,0.2846,2
289,7.9887,0.5194,0.2746,0.2498,0.4401,0.3858,0.2121,6
290,7.9971,0.6477,0.5961,0.3552,0.5862,0.5023,0.3582,3
291,7.9995,0.1965,0.3865,0.7700,0.5273,0.3955,0.4497,1
292,8.0002,0.1753,0.2125,0.5166,0.2203,0.0688,0.1556,5
293,8.0015,0.5970,0.3141,0.2543,0.4027,0.4634,0.2661,3
294,8.0104,0.2929,0.2120,0.6336,0.1329,0.2652,0.2661,4
295,8.0150,0.6027,0.6731,0.5966,0.6060,0.3918,0.3909,6
296,8.0447,0.7379,0.4546,0.6217,0.4241,0.6043,0.4118,6
297,8.0467,0.6015,0.4921,0.9842,0.5593,0.7734,0.7744,2
298,8.0578,0.3011,0.3716,0.7294,0.4583,0.2341,0.3935,5
299,8.0588,0.3508,0.4212,0.5952,0.3541,0.1474,0.2593,5
300,8.0653,0.6669,0.7373,0.6609,0.6702,0.4560,0.4551,6
301,8.0668,0.1748,0.2130,0.5172,0.2209,0.0682,0.1562,5
302,8.0904,0.5075,0.4241,0.3040,0.3086,0.3739,0.1765,6
303,8.1357,0.8231,0.5961,0.3141,0.7616,0.6776,0.5336,3
304,8.1453,0.6094,0.3261,0.5999,0.4152,0.4759,0.3901,2
305,8.1460,0.5761,0.6466,0.7945,0.5795,0.3653,0.4586,5
306,8.1463,0.5959,0.6372,0.2875,0.5701,0.4505,0.3550,3
307,8.1472,0.6133,0.5857,0.5092,0.5518,0.4679,0.3238,6
308,8.1482,0.3078,0.3219,0.5508,0.1784,0.1225,0.1662,5
309,8.1508,0.5878,0.6583,0.5818,0.5911,0.3953,0.3760,6
310,8.1536,0.6712,0.7416,0.6651,0.6745,0.4603,0.4594,6
311,8.1547,0.1601,0.3890,0.7725,0.5014,0.3591,0.4366,1
312,8.1692,0.3197,0.3902,0.7480,0.4769,0.2155,0.4121,5
313,8.1712,0.4382,0.1617,0.4114,0.2393,0.3046,0.2016,2
314,8.1799,0.4202,0.7035,1.0870,0.8159,0.5538,0.7512,1
315,8.1810,0.4234,0.3157,0.6226,0.0669,0.2898,0.2820,4
316,8.1850,0.3567,0.4271,0.7850,0.5138,0.2518,0.4491,5
317,8.1858,0.2702,0.1102,0.5124,0.4290,0.2972,0.3514,2
318,8.1860,0.3977,0.4681,0.6161,0.4010,0.1869,0.2802,5
319,8.1906,0.6133,0.5857,0.5092,0.5518,0.4679,0.3238,6
320,8.2324,0.7036,0.4203,0.5874,0.3898,0.5700,0.3776,6
321,8.2565,0.3722,0.1274,0.4764,0.3678,0.2657,0.2902,2
322,8.2583,0.4268,0.2183,0.6026,0.5191,0.3873,0.4415,2
323,8.2604,0.2669,0.1007,0.4205,0.2873,0.1806,0.2097,2
324,8.2607,0.3890,0.2562,0.6140,0.4813,0.3494,0.4036,2
325,8.2628,0.7294,0.5144,0.3065,0.6679,0.5840,0.4399,3
326,8.2644,0.7869,0.5061,0.7704,0.3913,0.6533,0.5606,4
327,8.2688,0.5181,0.2911,0.4839,0.4565,0.3726,0.3228,2
328,8.2708,0.3393,0.4091,0.4292,0.3420,0.1939,0.1269,6
329,8.2854,0.5884,0.6588,0.4180,0.5917,0.4396,0.3766,6
330,8.2856,0.3914,0.3227,0.4966,0.3299,0.2460,0.2222,6
331,8.2869,0.5032,0.2763,0.6790,0.5955,0.4637,0.5179,2
332,8.3029,0.4231,0.1398,0.6062,0.2631,0.3954,0.3963,2
333,8.3195,0.3317,0.4021,0.7599,0.4888,0.2267,0.4241,5
334,8.3238,0.5947,0.6651,0.5886,0.5980,0.3885,0.3829,6
335,8.3514,0.6811,0.5520,0.2024,0.6196,0.5357,0.3916,3
336,8.3549,0.5832,0.5934,0.1853,0.5263,0.4377,0.3112,3
337,8.3797,0.3038,0.5871,0.9706,0.6995,0.4374,0.6347,1
338,8.4024,0.3912,0.4617,0.6356,0.3946,0.1804,0.2998,5
339,8.4268,0.3659,0.4364,0.7942,0.5231,0.2610,0.4584,5
340,8.4374,0.7806,0.5537,0.3577,0.7191,0.6352,0.4911,3
341,8.5355,0.4215,0.4118,0.8590,0.3612,0.5754,0.5763,4
342,8.5679,0.7171,0.5268,0.2941,0.6555,0.5716,0.4276,3
343,8.5790,0.3077,0.5910,0.9745,0.7034,0.4413,0.6386,1
344,8.5919,0.2178,0.1700,0.4742,0.2134,0.1113,0.1358,5
345,8.5929,0.7211,0.5228,0.2981,0.6596,0.5756,0.4316,3
346,8.5953,0.5538,0.6242,0.7721,0.5571,0.3429,0.4363,5
347,8.5957,0.5984,0.6006,0.5241,0.5369,0.4530,0.3184,6
348,8.6125,0.4670,0.2815,0.3049,0.4055,0.3215,0.1775,6
349,8.6136,1.1282,0.8467,1.3387,0.9138,1.1280,1.1289,2
350,8.6212,0.5726,0.6431,0.7910,0.5760,0.3618,0.4551,5
351,8.6222,0.2333,0.5166,0.9001,0.6290,0.3669,0.5643,1
352,8.6367,0.5411,0.2578,0.6096,0.1846,0.4075,0.3997,4
353,8.6384,0.1993,0.1857,0.5692,0.3819,0.2501,0.3043,2
354,8.6428,0.3275,0.3979,0.7558,0.4846,0.2226,0.4199,5
355,8.6441,0.3312,0.4017,0.7595,0.4884,0.2263,0.4236,5
356,8.6613,0.5482,0.6186,0.7665,0.5515,0.3373,0.4307,5
357,8.6630,0.1464,0.2577,0.6412,0.3701,0.1497,0.3053,1
358,8.6746,0.5680,0.5216,0.6695,0.5064,0.4225,0.3727,6
359,8.6801,0.6910,0.5529,0.3120,0.6294,0.5455,0.4015,3
360,8.7093,0.5433,0.6137,0.7616,0.5466,0.3324,0.4258,5
361,8.8275,0.2653,0.2334,0.6869,0.5784,0.4762,0.5007,2
362,8.8469,0.8414,0.6144,0.4184,0.7798,0.6959,0.5519,3
363,8.9037,0.5202,0.5906,0.7385,0.5235,0.3535,0.4026,5
364,8.9154,0.4524,0.4383,0.8667,0.7832,0.6514,0.7056,2
365,8.9237,0.2795,0.5628,0.9463,0.6752,0.4131,0.6105,1
366,8.9268,0.3041,0.1357,0.6278,0.4042,0.4170,0.4180,2
367,8.9347,0.1250,0.2540,0.7011,0.2899,0.2187,0.3165,1
368,8.9377,0.2975,0.3477,0.7055,0.4344,0.2579,0.3697,5
369,8.9452,0.4895,0.2626,0.4553,0.4280,0.3441,0.2943,2
370,8.9468,0.3678,0.4382,0.6122,0.3711,0.1570,0.2763,5
371,8.9487,0.5870,0.6574,0.8053,0.5903,0.3761,0.4695,5
372,8.9493,0.3502,0.3635,0.8107,0.1980,0.3752,0.4260,4
373,8.9504,0.3787,0.2665,0.6243,0.4710,0.3392,0.3934,2
374,8.9507,0.5893,0.6598,0.5468,0.5927,0.4257,0.3775,6
375,8.9512,0.5906,0.6610,0.8089,0.5939,0.3797,0.4731,5
376,8.9602,0.8823,0.6554,0.4594,0.8208,0.7369,0.5928,3
377,8.9612,0.6230,0.6102,0.2605,0.5614,0.4775,0.3335,3
378,8.9709,0.3958,0.1125,0.5789,0.2358,0.3681,0.3691,2
379,8.9727,0.2051,0.4885,0.8719,0.6008,0.3387,0.5361,1
380,8.9811,0.6702,0.7406,0.4998,0.6735,0.4593,0.4584,6
381,8.9880,0.5127,0.5832,0.7311,0.5161,0.3609,0.3952,5
382,8.9913,0.6148,0.6853,0.6088,0.6182,0.4040,0.4031,6
383,8.9986,0.6168,0.6270,0.3862,0.5599,0.4714,0.3448,6
384,9.0037,0.5825,0.3262,0.8182,0.3933,0.6075,0.6084,2
385,9.0085,0.5788,0.6492,0.7972,0.5821,0.3679,0.4613,5
386,9.0185,0.6121,0.6826,0.4418,0.6155,0.4158,0.4004,6
387,9.0210,0.7725,0.5456,0.2635,0.7110,0.6271,0.4830,3
388,9.0227,0.2925,0.3629,0.7207,0.4496,0.2427,0.3849,5
389,9.0357,0.8556,0.6287,0.4327,0.7941,0.7102,0.5661,3
390,9.0381,0.5954,0.6485,0.4076,0.5813,0.4499,0.3662,6
391,9.0387,0.6496,0.7200,0.4792,0.6529,0.4387,0.4378,6
392,9.0455,0.5983,0.5782,0.1702,0.5368,0.4529,0.3088,3
393,9.0561,0.6265,0.6173,0.3765,0.5650,0.4810,0.3370,6
394,9.0617,0.5118,0.5778,0.7257,0.5106,0.3664,0.3898,5
395,9.0642,0.5939,0.6643,0.4235,0.5972,0.4341,0.3821,6
396,9.0660,0.5379,0.2816,0.7737,0.3487,0.5629,0.5638,2
397,9.0670,0.5656,0.6361,0.7840,0.5689,0.3548,0.4481,5
398,9.0723,0.4832,0.2652,0.3212,0.4217,0.3378,0.1937,6
399,9.0734,0.6387,0.7091,0.8571,0.6420,0.4278,0.5212,5
400,9.0748,0.6542,0.7247,0.6482,0.6575,0.4434,0.4424,6
401,9.0894,0.4565,0.4706,0.3663,0.3270,0.3070,0.2033,6
402,9.0904,0.2591,0.1287,0.4329,0.2547,0.1526,0.1771,2
403,9.0921,0.3502,0.4207,0.5686,0.3536,0.1694,0.2327,5
404,9.1029,0.5892,0.6596,0.4188,0.5925,0.4387,0.3774,6
405,9.1033,0.3187,0.6020,0.9855,0.7144,0.4523,0.6496,1
406,9.1098,0.7177,0.4344,0.7770,0.3521,0.5841,0.5672,4
407,9.1107,0.1879,0.1718,0.6190,0.2880,0.3008,0.3018,2
408,9.1240,0.3268,0.3184,0.6762,0.4191,0.2873,0.3415,5
409,9.1259,0.3786,0.3927,0.6996,0.0870,0.2128,0.3150,4
410,9.1266,0.3557,0.2895,0.6473,0.4480,0.3161,0.3704,2
411,9.1380,0.2684,0.0959,0.5733,0.3452,0.3626,0.3635,2
412,9.1391,0.7094,0.5349,0.1066,0.5151,0.5758,0.3784,3
413,9.1408,0.5669,0.6373,0.7852,0.5702,0.3560,0.4494,5
414,9.1417,0.1968,0.3523,0.7358,0.5276,0.3958,0.4500,1
415,9.1541,0.4686,0.2798,0.3066,0.4071,0.3232,0.1791,6
416,9.1568,0.5944,0.6649,0.5884,0.5977,0.3887,0.3826,6
417,9.1681,0.3711,0.4415,0.5894,0.3744,0.1602,0.2536,5
418,9.1684,0.6064,0.6245,0.5115,0.5574,0.4610,0.3423,6
419,9.1691,0.3264,0.3968,0.7547,0.4835,0.2215,0.4188,5
420,9.1695,0.6159,0.6173,0.2676,0.5544,0.4704,0.3350,3
421,9.1763,0.6581,0.5750,0.2254,0.5966,0.5126,0.3686,3
422,9.1773,0.3397,0.6230,1.0065,0.7353,0.4733,0.6706,1
423,9.1891,0.7350,0.5080,0.2260,0.6735,0.5896,0.4455,3
424,9.1906,0.6344,0.7048,0.8527,0.6377,0.4235,0.5168,5
425,9.1920,0.6281,0.6422,0.4182,0.2973,0.4897,0.3749,4
426,9.1949,0.6146,0.6292,0.3884,0.5621,0.4692,0.3470,6
427,9.2009,1.4302,1.1469,0.8150,1.0345,1.2966,1.0992,3
428,9.2092,0.4142,0.2458,0.7378,0.5143,0.5270,0.5280,2
429,9.2224,0.5974,0.6679,0.5549,0.6007,0.4176,0.3856,6
430,9.2233,0.3212,0.1838,0.6053,0.1611,0.2935,0.2944,4
431,9.2461,0.6583,0.7287,0.8767,0.6616,0.4474,0.5408,5
432,9.2572,0.0435,0.2963,0.7049,0.4086,0.2543,0.3439,1
433,9.2580,0.3803,0.4508,0.6247,0.3836,0.1695,0.2888,5
434,9.2737,0.7992,0.5723,0.3763,0.7377,0.6538,0.5097,3
435,9.2745,0.6567,0.3734,0.2981,0.4578,0.5231,0.3258,3
436,9.2846,0.3777,0.3579,0.5058,0.3162,0.2322,0.1824,6
437,9.2933,1.0630,0.8872,0.3952,1.0015,0.9176,0.7735,3
438,9.3003,0.3762,0.6595,1.0430,0.7719,0.5098,0.7071,1
439,9.3021,0.3031,0.3735,0.7313,0.4602,0.2321,0.3955,5
440,9.3038,0.8524,0.5690,0.9666,0.5417,0.7559,0.7568,4
441,9.3067,0.6488,0.7192,0.6427,0.6521,0.4379,0.4370,6
442,9.3069,0.4197,0.3419,0.2722,0.3404,0.2861,0.1124,6
443,9.3156,0.4048,0.2404,0.5982,0.4971,0.3653,0.4195,2
444,9.3223,0.2247,0.2773,0.5814,0.2851,0.0527,0.2204,5
445,9.3306,0.6339,0.5970,0.4841,0.5723,0.4884,0.3444,6
446,9.3339,0.5822,0.3253,0.7167,0.2918,0.5060,0.5069,4
447,9.3498,0.6505,0.7209,0.8688,0.6538,0.4396,0.5329,5
448,9.3529,0.5912,0.6616,0.8095,0.5945,0.3803,0.4736,5
449,9.3674,0.3498,0.4203,0.7781,0.5070,0.2449,0.4423,5
450,9.3887,0.6834,0.7539,0.6409,0.6867,0.4726,0.4716,6
451,9.3898,1.0219,1.0628,0.5708,0.9957,0.8765,0.7806,3
452,9.4095,0.7215,0.5223,0.2986,0.6600,0.5760,0.4320,3
453,9.4179,0.6318,0.6120,0.3712,0.5703,0.4864,0.3423,6
454,9.4233,0.3831,0.4536,0.6015,0.3864,0.1723,0.2656,5
455,9.4251,0.2862,0.3003,0.7218,0.1910,0.1931,0.3372,4
456,9.4457,0.2855,0.4465,0.8937,0.2811,0.3650,0.5091,4
457,9.4473,0.4248,0.2203,0.6006,0.5171,0.3853,0.4395,2
458,9.4576,0.5394,0.6099,0.7578,0.5428,0.3342,0.4219,5
459,9.4593,0.2616,0.3327,0.7799,0.1923,0.4065,0.4074,4
460,9.4603,0.2628,0.1223,0.5288,0.4454,0.3135,0.3678,2
461,9.4644,0.6911,0.7615,0.6486,0.6944,0.4802,0.4793,6
462,9.4811,0.6212,0.4684,0.6163,0.5597,0.4757,0.4259,6
463,9.4819,0.6238,0.5528,0.1447,0.5623,0.4783,0.3343,3
464,9.4863,0.3192,0.6025,0.9860,0.7149,0.4528,0.6501,1
465,9.4889,0.1698,0.2181,0.5222,0.2259,0.0632,0.1612,5
466,9.5019,0.6444,0.3611,0.5281,0.3306,0.5108,0.3183,6
467,9.5085,0.3485,0.4190,0.4390,0.3519,0.1841,0.1367,6
468,9.5162,0.5555,0.6260,0.7739,0.5589,0.3447,0.4380,5
469,9.5188,0.6201,0.5059,0.9980,0.5730,0.7872,0.7882,2
470,9.5395,0.6650,0.7354,0.8833,0.6683,0.4541,0.5475,5
471,9.5543,0.1514,0.3977,0.7812,0.5101,0.3504,0.4453,1
472,9.5555,0.7214,0.5117,0.1896,0.6599,0.5759,0.4319,3
473,9.5817,0.6194,0.6899,0.6134,0.6228,0.4086,0.4076,6
474,9.6129,0.2986,0.3691,0.7269,0.4558,0.2366,0.3910,5
475,9.6167,0.6441,0.3608,0.7786,0.3537,0.5679,0.5688,4
476,9.6403,0.6361,0.7066,0.5936,0.6394,0.4253,0.4243,6
477,9.6498,0.6280,0.6984,0.5854,0.6313,0.4171,0.4162,6
478,9.6697,0.6289,0.6993,0.5863,0.6322,0.4180,0.4171,6
479,9.6838,0.9141,0.9846,0.4925,0.9175,0.7125,0.7023,3
480,9.6914,0.1764,0.3114,0.6949,0.4238,0.1617,0.3591,5
481,9.7130,0.6609,0.5829,0.3421,0.5994,0.5155,0.3714,3
482,9.7485,0.1412,0.2206,0.6246,0.4588,0.3520,0.3811,1
483,9.7635,0.6544,0.5787,0.2290,0.5929,0.5090,0.3649,3
484,9.7638,0.5972,0.6466,0.4058,0.5795,0.4517,0.3644,6
485,9.7653,0.6020,0.6289,0.5159,0.5618,0.4565,0.3467,6
486,9.7680,0.6163,0.6868,0.6103,0.6197,0.4055,0.4046,6
487,9.7712,0.5409,0.6114,0.7593,0.5443,0.3327,0.4234,5
488,9.8087,0.8531,0.6262,0.3213,0.7916,0.7077,0.5636,3
489,9.8112,0.5685,0.6389,0.5624,0.5718,0.4147,0.3567,6
490,9.8155,0.1595,0.4428,0.8263,0.5552,0.3053,0.4904,1
491,9.8240,0.3170,0.6003,0.9838,0.7126,0.4506,0.6479,1
492,9.8247,0.6417,0.7121,0.6357,0.6450,0.4309,0.4299,6
493,9.8257,0.1670,0.2180,0.6015,0.3496,0.2178,0.2720,1
494,9.8392,0.5318,0.6023,0.7502,0.5352,0.3418,0.4143,5
495,9.8489,0.3344,0.3108,0.6686,0.4267,0.2949,0.3491,5
496,9.8571,0.2945,0.3650,0.7228,0.4517,0.2407,0.3869,5
497,9.8604,0.6195,0.6900,0.6135,0.6228,0.4087,0.4077,6
498,9.8612,0.6138,0.6842,0.4434,0.6171,0.4141,0.4020,6
499,9.8714,0.5907,0.6612,0.8091,0.5941,0.3799,0.4732,5
500,9.8738,0.7028,0.5415,0.1132,0.5085,0.5692,0.3719,3
501,9.8841,0.5949,0.6654,0.5524,0.5982,0.4201,0.3831,6
502,9.9108,0.5888,0.6593,0.8072,0.5921,0.3780,0.4713,5
503,9.9379,0.1796,0.4629,0.8464,0.5753,0.3190,0.5105,1
504,10.1226,0.5917,0.6621,0.8100,0.5950,0.3808,0.4741,5
505,10.1232,0.9546,1.0250,0.5330,0.9579,0.8044,0.7428,3
506,10.1693,0.5325,0.6030,0.7509,0.5358,0.3412,0.4150,5
507,10.1843,0.6170,0.5820,0.5055,0.5555,0.4716,0.3275,6
508,10.1934,0.5157,0.5738,0.7217,0.5067,0.3703,0.3859,5
509,10.2529,1.0142,0.9360,0.4440,0.9527,0.8688,0.7247,3
510,10.2533,0.6535,0.7239,0.8718,0.6568,0.4426,0.5359,5
511,10.2568,1.4578,1.1745,1.1495,1.0621,1.3242,1.1268,4
512,10.2573,0.6922,0.5732,0.3492,0.2966,0.5586,0.3613,4
513,10.4347,0.3223,0.3229,0.6807,0.4146,0.2828,0.3448,5
514,10.4424,0.6093,0.6797,0.4389,0.6126,0.4186,0.3975,6
515,10.4606,0.5775,0.6479,0.5714,0.5808,0.4057,0.3657,6
516,10.4776,1.0785,1.0062,0.5142,1.0170,0.9331,0.7890,3
517,10.4940,0.5684,0.6388,0.7867,0.5717,0.3575,0.4509,5
518,10.5028,0.6982,0.5456,0.3048,0.6367,0.5528,0.4087,3
519,10.5076,0.3077,0.5910,0.9745,0.7034,0.4413,0.6386,1
520,10.5079,0.5519,0.6223,0.7702,0.5552,0.3410,0.4343,5
521,10.5105,0.3082,0.3370,0.6948,0.4237,0.2687,0.3589,5
522,10.5111,0.6465,0.7169,0.4761,0.6498,0.4356,0.4347,6
523,10.5118,0.1825,0.2025,0.5860,0.3651,0.2333,0.2875,1
524,10.5247,0.6245,0.5131,0.6560,0.2288,0.4909,0.3191,4
525,10.5386,0.5934,0.6216,0.2947,0.5545,0.4479,0.3394,3
526,10.5414,0.5836,0.6154,0.5389,0.5483,0.4382,0.3332,6
527,10.5648,0.4111,0.6945,1.0779,0.8068,0.5447,0.7421,1
528,10.5759,0.6288,0.6021,0.4892,0.5673,0.4833,0.3393,6
529,10.5809,0.6094,0.6798,0.4390,0.6127,0.4185,0.3976,6
530,10.5811,0.6498,0.4538,0.2767,0.3359,0.5162,0.3188,3
531,10.5893,0.1685,0.4518,0.8353,0.5642,0.3021,0.4995,1
532,10.5911,0.1724,0.4557,0.8392,0.5680,0.3060,0.5033,1
533,10.5927,0.2271,0.2797,0.5838,0.2876,0.0552,0.2228,5
534,10.5936,0.7246,0.4413,0.9077,0.4827,0.6969,0.6979,2
535,10.5952,0.4889,0.2620,0.3268,0.4274,0.3435,0.1994,6
536,10.6065,0.9657,0.6824,0.5969,0.5700,0.8321,0.6347,4
537,10.6069,0.5822,0.6527,0.5762,0.5856,0.4009,0.3704,6
538,10.6128,0.2709,0.2341,0.6556,0.1248,0.2432,0.2710,4
539,10.6209,0.5935,0.6639,0.8118,0.5968,0.3826,0.4760,5
540,10.6249,0.5801,0.6505,0.5740,0.5834,0.4031,0.3683,6
541,10.6254,0.6085,0.6353,0.3945,0.5682,0.4631,0.3531,6
542,10.6585,0.6500,0.5491,0.4726,0.5884,0.5045,0.3605,6
543,11.0553,0.6964,0.5026,0.4378,0.6349,0.5510,0.4069,6
